﻿<feed xmlns:openSearch="http://a9.com/-/spec/opensearchrss/1.0/" xmlns:gd="http://schemas.google.com/g/2005" xmlns:x-trumba="http://schemas.trumba.com/atom/x-trumba" xmlns:gc="http://base.google.com/cns/1.0" xmlns="http://www.w3.org/2005/Atom">
  <id>http://uid.trumba.com/calendar/368663</id>
  <updated>2018-07-05T07:13:19Z</updated>
  <title type="text">Academic Calendar</title>
  <subtitle type="text"/>
  <link rel="alternate" type="text/html" href="https://25livepub.collegenet.com/calendars/csuf-academic-calendar"/>
  <link rel="self" type="application/atom+xml" href="https://25livepub.collegenet.com/calendars/csuf-academic-calendar.xml"/>
  <author>
    <name>Academic Calendar</name>
  </author>
  <generator version="11.16109" uri="http://www.trumba.com/">Trumba Calendar</generator>
  <gd:where valueString=""/>
  <entry>
    <id>http://uid.trumba.com/event/298982603</id>
    <published>2018-08-01T07:00:00Z</published>
    <updated>2018-08-01T07:00:00Z</updated>
    <category scheme="http://schemas.google.com/g/2005#kind" term="http://schemas.google.com/g/2005#event"/>
    <title type="text">
      Initial period for filing application for admission to the spring 2019 semester begins
    </title>
    <content type="html">
      Wednesday, August 1, 2018, 12am&#xA0;&#x2014;&#xA0;11:59pm <br/><br/><p>
        <strong>Website or Registration URL:</strong>
        <br />
        <a href="http://fullerton.edu/academiccalendar" target="_blank">http://fullerton.edu/academiccalendar</a>
      </p> <br/><br/><b>Event Name</b>:&#xA0;Application to spring 2019 begins <br/><b>Organization</b>:&#xA0;Division of Academic Affairs (VPAA) <br/><b>Organizer</b>:&#xA0;<a href="mailto:eestrada@fullerton.edu" target="_blank">eestrada@fullerton.edu</a> <br/><b>Categories</b>:&#xA0;Featured Event, Non-academic Event <br/><br/>
    </content>
    <link rel="alternate" type="text/html" href="http://25livepub.collegenet.com/calendars/csuf-academic-calendar?eventid=298982603"/>
    <author>
      <name>Academic Calendar</name>
    </author>
  </entry>
  <entry>
    <id>http://uid.trumba.com/event/298982604</id>
    <published>2018-08-03T07:00:00Z</published>
    <updated>2018-08-03T07:00:00Z</updated>
    <category scheme="http://schemas.google.com/g/2005#kind" term="http://schemas.google.com/g/2005#event"/>
    <title type="text">Last day of classes - Summer 2018</title>
    <content type="html">
      Friday, August 3, 2018, 12am&#xA0;&#x2014;&#xA0;11:59pm <br/><br/><p>
        <strong>Website or Registration URL:</strong>
        <br />
        <a href="http://fullerton.edu/academiccalendar" target="_blank">http://fullerton.edu/academiccalendar</a>
      </p> <br/><br/><b>Event Name</b>:&#xA0;Last day of classes - Summer 2018 <br/><b>Organization</b>:&#xA0;Division of Academic Affairs (VPAA) <br/><b>Organizer</b>:&#xA0;<a href="mailto:eestrada@fullerton.edu" target="_blank">eestrada@fullerton.edu</a> <br/><b>Categories</b>:&#xA0;Featured Event, Non-academic Event <br/><br/>
    </content>
    <link rel="alternate" type="text/html" href="http://25livepub.collegenet.com/calendars/csuf-academic-calendar?eventid=298982604"/>
    <author>
      <name>Academic Calendar</name>
    </author>
  </entry>
  <entry>
    <id>http://uid.trumba.com/event/299119871</id>
    <published>2018-08-20T07:00:00Z</published>
    <updated>2018-08-20T07:00:00Z</updated>
    <category scheme="http://schemas.google.com/g/2005#kind" term="http://schemas.google.com/g/2005#event"/>
    <title type="text">2018-2019 Academic year begins</title>
    <content type="html">
      Monday, August 20, 2018, 12am&#xA0;&#x2014;&#xA0;11:59pm <br/><br/><p>
        <strong>
          Website or Registration URL:<br />
        </strong>
        <a href="http://fullerton.edu/academiccalendar" target="_blank">http://fullerton.edu/academiccalendar</a>
      </p> <br/><br/><b>Event Name</b>:&#xA0;2018-2019 Academic year begins <br/><b>Organization</b>:&#xA0;Division of Academic Affairs (VPAA) <br/><b>Organizer</b>:&#xA0;<a href="mailto:eestrada@fullerton.edu" target="_blank">eestrada@fullerton.edu</a> <br/><b>Categories</b>:&#xA0;Featured Event, Non-academic Event <br/><br/>
    </content>
    <link rel="alternate" type="text/html" href="http://25livepub.collegenet.com/calendars/csuf-academic-calendar?eventid=299119871"/>
    <author>
      <name>Academic Calendar</name>
    </author>
  </entry>
  <entry>
    <id>http://uid.trumba.com/event/299270182</id>
    <published>2018-08-25T07:00:00Z</published>
    <updated>2018-08-25T07:00:00Z</updated>
    <category scheme="http://schemas.google.com/g/2005#kind" term="http://schemas.google.com/g/2005#event"/>
    <title type="text">First day of classes - Fall 2018</title>
    <content type="html">
      Saturday, August 25, 2018, 12am&#xA0;&#x2014;&#xA0;11:59pm <br/><br/><p>
        <span style="font-family: 'courier new', courier;">
          <strong>Classes that meet on Saturdays and/or Sundays will meet on the following date:</strong>
        </span>
      </p> <p>
        <span style="font-family: 'courier new', courier;">
          &#160; &#160; &#160; &#160; &#160; &#160; &#160; &#160; &#160; <strong>Saturdays&#160;</strong>&#160; &#160; &#160; &#160;&#160;<strong>Sundays</strong>
        </span>
        <br />
        <span style="font-family: 'courier new', courier;">August&#160; &#160; &#160; &#160; &#160; &#160; 25&#160; &#160; &#160; &#160; &#160; &#160; &#160; &#160; 26</span>
        <br />
        <span style="font-family: 'courier new', courier;">September&#160; &#160; &#160; &#160; &#160;1,8,15,22,29&#160; &#160; &#160; 2,9,16,23,30</span>
        <br />
        <span style="font-family: 'courier new', courier;">October&#160; &#160; &#160; &#160; &#160; &#160;6,13,20,27&#160; &#160; &#160; &#160; 7,14,21,28</span>
        <br />
        <span style="font-family: 'courier new', courier;">November&#160; &#160; &#160; &#160; &#160; 3,10,17&#160; &#160; &#160; &#160; &#160; &#160;4,11,18</span>
        <br />
        <span style="font-family: 'courier new', courier;">
          December&#160; &#160; &#160; &#160; &#160; 1,8,15**&#160; &#160; &#160; &#160; &#160; 2,9,16**<strong>
            <br />
          </strong>
        </span>
      </p> <p>
        <span style="font-family: 'courier new', courier;">
          <strong>
            <span style="font-family: 'courier new', courier;">Notes:</span>
          </strong>
          <strong>
            <br />
          </strong>
        </span>
      </p> <p>
        <span style="font-family: 'courier new', courier;">* This calendar is subject to change and is not intended to be construed as an employee work calendar.</span>
        <br />
        <span style="font-family: 'courier new', courier;">** Possible Final Examination </span>
      </p> <p>
        <strong>Website or URL:</strong>
        <br />
        <a href="http://fullerton.edu/academiccalendar" target="_blank">http://fullerton.edu/academiccalendar</a>
      </p> <br/><br/><b>Event Name</b>:&#xA0;First day of classes - Fall 2018 <br/><b>Organization</b>:&#xA0;Division of Academic Affairs (VPAA) <br/><b>Organizer</b>:&#xA0;<a href="mailto:eestrada@fullerton.edu" target="_blank">eestrada@fullerton.edu</a> <br/><b>Categories</b>:&#xA0;Featured Event, Non-academic Event <br/><br/>
    </content>
    <link rel="alternate" type="text/html" href="http://25livepub.collegenet.com/calendars/csuf-academic-calendar?eventid=299270182"/>
    <author>
      <name>Academic Calendar</name>
    </author>
  </entry>
  <entry>
    <id>http://uid.trumba.com/event/299270183</id>
    <published>2018-09-03T07:00:00Z</published>
    <updated>2018-09-03T07:00:00Z</updated>
    <category scheme="http://schemas.google.com/g/2005#kind" term="http://schemas.google.com/g/2005#event"/>
    <title type="text">Labor Day - CAMPUS CLOSED</title>
    <content type="html">
      Monday, September 3, 2018, 12am&#xA0;&#x2014;&#xA0;11:59pm <br/><br/><p>
        <strong>
          Website or Registration URL:<br />
        </strong>
        <a href="http://fullerton.edu/academiccalendar" target="_blank">http://fullerton.edu/academiccalendar</a>
      </p> <br/><br/><b>Event Name</b>:&#xA0;Labor Day - CAMPUS CLOSED <br/><b>Organization</b>:&#xA0;Division of Academic Affairs (VPAA) <br/><b>Organizer</b>:&#xA0;<a href="mailto:eestrada@fullerton.edu" target="_blank">eestrada@fullerton.edu</a> <br/><b>Categories</b>:&#xA0;Featured Event, Non-academic Event <br/><br/>
    </content>
    <link rel="alternate" type="text/html" href="http://25livepub.collegenet.com/calendars/csuf-academic-calendar?eventid=299270183"/>
    <author>
      <name>Academic Calendar</name>
    </author>
  </entry>
  <entry>
    <id>http://uid.trumba.com/event/299444573</id>
    <published>2018-10-01T07:00:00Z</published>
    <updated>2018-10-01T07:00:00Z</updated>
    <category scheme="http://schemas.google.com/g/2005#kind" term="http://schemas.google.com/g/2005#event"/>
    <title type="text">Columbus Day - CAMPUS OPEN</title>
    <content type="html">
      Monday, October 1, 2018, 12am&#xA0;&#x2014;&#xA0;11:59pm <br/><br/><p>
        <strong>
          Website or Registration URL:<br />
        </strong>
        <a href="http://fullerton.edu/academiccalendar" target="_blank">http://fullerton.edu/academiccalendar</a>
      </p> <br/><br/><b>Event Name</b>:&#xA0;Columbus Day - CAMPUS OPEN <br/><b>Organization</b>:&#xA0;Division of Academic Affairs (VPAA) <br/><b>Organizer</b>:&#xA0;<a href="mailto:eestrada@fullerton.edu" target="_blank">eestrada@fullerton.edu</a> <br/><b>Categories</b>:&#xA0;Featured Event, Non-academic Event <br/><br/>
    </content>
    <link rel="alternate" type="text/html" href="http://25livepub.collegenet.com/calendars/csuf-academic-calendar?eventid=299444573"/>
    <author>
      <name>Academic Calendar</name>
    </author>
  </entry>
  <entry>
    <id>http://uid.trumba.com/event/299444574</id>
    <published>2018-10-01T07:00:00Z</published>
    <updated>2018-10-01T07:00:00Z</updated>
    <category scheme="http://schemas.google.com/g/2005#kind" term="http://schemas.google.com/g/2005#event"/>
    <title type="text">
      Initial period for filing application for admission to the fall 2019 semester begins
    </title>
    <content type="html">
      Monday, October 1, 2018, 12am&#xA0;&#x2014;&#xA0;11:59pm <br/><br/><p>
        <strong>Website or Registration URL:</strong>
        <br />
        <a href="http://fullerton.edu/academiccalendar" target="_blank">http://fullerton.edu/academiccalendar</a>
      </p> <br/><br/><b>Event Name</b>:&#xA0;Application to fall 2019 begins <br/><b>Organization</b>:&#xA0;Division of Academic Affairs (VPAA) <br/><b>Organizer</b>:&#xA0;<a href="mailto:eestrada@fullerton.edu" target="_blank">eestrada@fullerton.edu</a> <br/><b>Categories</b>:&#xA0;Featured Event, Non-academic Event <br/><br/>
    </content>
    <link rel="alternate" type="text/html" href="http://25livepub.collegenet.com/calendars/csuf-academic-calendar?eventid=299444574"/>
    <author>
      <name>Academic Calendar</name>
    </author>
  </entry>
  <entry>
    <id>http://uid.trumba.com/event/299444575</id>
    <published>2018-11-12T08:00:00Z</published>
    <updated>2018-11-12T08:00:00Z</updated>
    <category scheme="http://schemas.google.com/g/2005#kind" term="http://schemas.google.com/g/2005#event"/>
    <title type="text">Veterans Day - CAMPUS CLOSED</title>
    <content type="html">
      Monday, November 12, 2018, 12am&#xA0;&#x2014;&#xA0;11:59pm <br/><br/><p>
        <strong>
          Website or Registration URL:<br />
        </strong>
        <a href="http://fullerton.edu/academiccalendar" target="_blank">http://fullerton.edu/academiccalendar</a>
      </p> <br/><br/><b>Event Name</b>:&#xA0;Veterans Day - CAMPUS CLOSED <br/><b>Organization</b>:&#xA0;Division of Academic Affairs (VPAA) <br/><b>Organizer</b>:&#xA0;<a href="mailto:eestrada@fullerton.edu" target="_blank">eestrada@fullerton.edu</a> <br/><b>Categories</b>:&#xA0;Featured Event, Non-academic Event <br/><br/>
    </content>
    <link rel="alternate" type="text/html" href="http://25livepub.collegenet.com/calendars/csuf-academic-calendar?eventid=299444575"/>
    <author>
      <name>Academic Calendar</name>
    </author>
  </entry>
  <entry>
    <id>http://uid.trumba.com/event/299444577</id>
    <published>2018-11-20T08:00:00Z</published>
    <updated>2018-11-20T08:00:00Z</updated>
    <category scheme="http://schemas.google.com/g/2005#kind" term="http://schemas.google.com/g/2005#event"/>
    <title type="text">Fall Recess - NO CLASSES</title>
    <content type="html">
      Tuesday, November 20, 2018, 12am&#xA0;&#x2014;&#xA0;11:59pm <br/><br/><p>
        <strong>
          CAMPUS OPEN 11/20-21<br />CAMPUS CLOSED 11/22-23<br /><br />
        </strong>
        <strong>
          Website or Registration URL:<br />
        </strong>
        <a href="http://fullerton.edu/academiccalendar" target="_blank">http://fullerton.edu/academiccalendar</a>
      </p> <br/><br/><b>Event Name</b>:&#xA0;Fall Recess - NO CLASSES <br/><b>Organization</b>:&#xA0;Division of Academic Affairs (VPAA) <br/><b>Organizer</b>:&#xA0;<a href="mailto:eestrada@fullerton.edu" target="_blank">eestrada@fullerton.edu</a> <br/><b>Categories</b>:&#xA0;Featured Event, Non-academic Event <br/><br/>
    </content>
    <link rel="alternate" type="text/html" href="http://25livepub.collegenet.com/calendars/csuf-academic-calendar?eventid=299444577"/>
    <author>
      <name>Academic Calendar</name>
    </author>
  </entry>
  <entry>
    <id>http://uid.trumba.com/event/299444578</id>
    <published>2018-11-21T08:00:00Z</published>
    <updated>2018-11-21T08:00:00Z</updated>
    <category scheme="http://schemas.google.com/g/2005#kind" term="http://schemas.google.com/g/2005#event"/>
    <title type="text">Fall Recess - NO CLASSES</title>
    <content type="html">
      Wednesday, November 21, 2018, 12am&#xA0;&#x2014;&#xA0;11:59pm <br/><br/><p>
        <strong>
          CAMPUS OPEN 11/20-21<br />CAMPUS CLOSED 11/22-23<br /><br />
        </strong>
        <strong>
          Website or Registration URL:<br />
        </strong>
        <a href="http://fullerton.edu/academiccalendar" target="_blank">http://fullerton.edu/academiccalendar</a>
      </p> <br/><br/><b>Event Name</b>:&#xA0;Fall Recess - NO CLASSES <br/><b>Organization</b>:&#xA0;Division of Academic Affairs (VPAA) <br/><b>Organizer</b>:&#xA0;<a href="mailto:eestrada@fullerton.edu" target="_blank">eestrada@fullerton.edu</a> <br/><b>Categories</b>:&#xA0;Featured Event, Non-academic Event <br/><br/>
    </content>
    <link rel="alternate" type="text/html" href="http://25livepub.collegenet.com/calendars/csuf-academic-calendar?eventid=299444578"/>
    <author>
      <name>Academic Calendar</name>
    </author>
  </entry>
  <entry>
    <id>http://uid.trumba.com/event/299446839</id>
    <published>2018-11-22T08:00:00Z</published>
    <updated>2018-11-22T08:00:00Z</updated>
    <category scheme="http://schemas.google.com/g/2005#kind" term="http://schemas.google.com/g/2005#event"/>
    <title type="text">Fall Recess - NO CLASSES</title>
    <content type="html">
      Thursday, November 22, 2018, 12am&#xA0;&#x2014;&#xA0;11:59pm <br/><br/><p>
        <strong>
          CAMPUS OPEN 11/20-21<br />CAMPUS CLOSED 11/22-23<br /><br />
        </strong>
        <strong>
          Website or Registration URL:<br />
        </strong>
        <a href="http://fullerton.edu/academiccalendar" target="_blank">http://fullerton.edu/academiccalendar</a>
      </p> <br/><br/><b>Event Name</b>:&#xA0;Fall Recess - NO CLASSES <br/><b>Organization</b>:&#xA0;Division of Academic Affairs (VPAA) <br/><b>Organizer</b>:&#xA0;<a href="mailto:eestrada@fullerton.edu" target="_blank">eestrada@fullerton.edu</a> <br/><b>Categories</b>:&#xA0;Featured Event, Non-academic Event <br/><br/>
    </content>
    <link rel="alternate" type="text/html" href="http://25livepub.collegenet.com/calendars/csuf-academic-calendar?eventid=299446839"/>
    <author>
      <name>Academic Calendar</name>
    </author>
  </entry>
  <entry>
    <id>http://uid.trumba.com/event/299444579</id>
    <published>2018-12-14T08:00:00Z</published>
    <updated>2018-12-14T08:00:00Z</updated>
    <category scheme="http://schemas.google.com/g/2005#kind" term="http://schemas.google.com/g/2005#event"/>
    <title type="text">Last day of classes - Fall 2018</title>
    <content type="html">
      Friday, December 14, 2018, 12am&#xA0;&#x2014;&#xA0;11:59pm <br/><br/><p>
        <strong>Website or Registration URL:</strong>
        <br />
        <a href="http://fullerton.edu/academiccalendar" target="_blank">http://fullerton.edu/academiccalendar</a>
      </p> <br/><br/><b>Event Name</b>:&#xA0;Last day of classes - Fall 2018 <br/><b>Organization</b>:&#xA0;Division of Academic Affairs (VPAA) <br/><b>Organizer</b>:&#xA0;<a href="mailto:eestrada@fullerton.edu" target="_blank">eestrada@fullerton.edu</a> <br/><b>Categories</b>:&#xA0;Featured Event, Non-academic Event <br/><br/>
    </content>
    <link rel="alternate" type="text/html" href="http://25livepub.collegenet.com/calendars/csuf-academic-calendar?eventid=299444579"/>
    <author>
      <name>Academic Calendar</name>
    </author>
  </entry>
  <entry>
    <id>http://uid.trumba.com/event/299444580</id>
    <published>2018-12-15T08:00:00Z</published>
    <updated>2018-12-15T08:00:00Z</updated>
    <category scheme="http://schemas.google.com/g/2005#kind" term="http://schemas.google.com/g/2005#event"/>
    <title type="text">Semester examinations - Fall 2018</title>
    <content type="html">
      Saturday, December 15, 2018, 12am&#xA0;&#x2014;&#xA0;11:59pm <br/><br/><p>
        <strong>Website or Registration URL:</strong>
        <br />
        <a href="http://fullerton.edu/academiccalendar" target="_blank">http://fullerton.edu/academiccalendar</a>
      </p> <br/><br/><b>Event Name</b>:&#xA0;Semester examinations - Fall 2018 <br/><b>Organization</b>:&#xA0;Division of Academic Affairs (VPAA) <br/><b>Organizer</b>:&#xA0;<a href="mailto:eestrada@fullerton.edu" target="_blank">eestrada@fullerton.edu</a> <br/><br/>
    </content>
    <link rel="alternate" type="text/html" href="http://25livepub.collegenet.com/calendars/csuf-academic-calendar?eventid=299444580"/>
    <author>
      <name>Academic Calendar</name>
    </author>
  </entry>
  <entry>
    <id>http://uid.trumba.com/event/299444581</id>
    <published>2018-12-16T08:00:00Z</published>
    <updated>2018-12-16T08:00:00Z</updated>
    <category scheme="http://schemas.google.com/g/2005#kind" term="http://schemas.google.com/g/2005#event"/>
    <title type="text">Semester examinations - Fall 2018</title>
    <content type="html">
      Sunday, December 16, 2018, 12am&#xA0;&#x2014;&#xA0;11:59pm <br/><br/><p>
        <strong>Website or Registration URL:</strong>
        <br />
        <a href="http://fullerton.edu/academiccalendar" target="_blank">http://fullerton.edu/academiccalendar</a>
      </p> <br/><br/><b>Event Name</b>:&#xA0;Semester examinations - Fall 2018 <br/><b>Organization</b>:&#xA0;Division of Academic Affairs (VPAA) <br/><b>Organizer</b>:&#xA0;<a href="mailto:eestrada@fullerton.edu" target="_blank">eestrada@fullerton.edu</a> <br/><br/>
    </content>
    <link rel="alternate" type="text/html" href="http://25livepub.collegenet.com/calendars/csuf-academic-calendar?eventid=299444581"/>
    <author>
      <name>Academic Calendar</name>
    </author>
  </entry>
  <entry>
    <id>http://uid.trumba.com/event/299444582</id>
    <published>2018-12-17T08:00:00Z</published>
    <updated>2018-12-17T08:00:00Z</updated>
    <category scheme="http://schemas.google.com/g/2005#kind" term="http://schemas.google.com/g/2005#event"/>
    <title type="text">Semester examinations - Fall 2018</title>
    <content type="html">
      Monday, December 17, 2018, 12am&#xA0;&#x2014;&#xA0;11:59pm <br/><br/><p>
        <strong>Website or Registration URL:</strong>
        <br />
        <a href="http://fullerton.edu/academiccalendar" target="_blank">http://fullerton.edu/academiccalendar</a>
      </p> <br/><br/><b>Event Name</b>:&#xA0;Semester examinations - Fall 2018 <br/><b>Organization</b>:&#xA0;Division of Academic Affairs (VPAA) <br/><b>Organizer</b>:&#xA0;<a href="mailto:eestrada@fullerton.edu" target="_blank">eestrada@fullerton.edu</a> <br/><br/>
    </content>
    <link rel="alternate" type="text/html" href="http://25livepub.collegenet.com/calendars/csuf-academic-calendar?eventid=299444582"/>
    <author>
      <name>Academic Calendar</name>
    </author>
  </entry>
  <entry>
    <id>http://uid.trumba.com/event/299444583</id>
    <published>2018-12-18T08:00:00Z</published>
    <updated>2018-12-18T08:00:00Z</updated>
    <category scheme="http://schemas.google.com/g/2005#kind" term="http://schemas.google.com/g/2005#event"/>
    <title type="text">Semester examinations - Fall 2018</title>
    <content type="html">
      Tuesday, December 18, 2018, 12am&#xA0;&#x2014;&#xA0;11:59pm <br/><br/><p>
        <strong>Website or Registration URL:</strong>
        <br />
        <a href="http://fullerton.edu/academiccalendar" target="_blank">http://fullerton.edu/academiccalendar</a>
      </p> <br/><br/><b>Event Name</b>:&#xA0;Semester examinations - Fall 2018 <br/><b>Organization</b>:&#xA0;Division of Academic Affairs (VPAA) <br/><b>Organizer</b>:&#xA0;<a href="mailto:eestrada@fullerton.edu" target="_blank">eestrada@fullerton.edu</a> <br/><br/>
    </content>
    <link rel="alternate" type="text/html" href="http://25livepub.collegenet.com/calendars/csuf-academic-calendar?eventid=299444583"/>
    <author>
      <name>Academic Calendar</name>
    </author>
  </entry>
  <entry>
    <id>http://uid.trumba.com/event/299444584</id>
    <published>2018-12-19T08:00:00Z</published>
    <updated>2018-12-19T08:00:00Z</updated>
    <category scheme="http://schemas.google.com/g/2005#kind" term="http://schemas.google.com/g/2005#event"/>
    <title type="text">Semester examinations - Fall 2018</title>
    <content type="html">
      Wednesday, December 19, 2018, 12am&#xA0;&#x2014;&#xA0;11:59pm <br/><br/><p>
        <strong>Website or Registration URL:</strong>
        <br />
        <a href="http://fullerton.edu/academiccalendar" target="_blank">http://fullerton.edu/academiccalendar</a>
      </p> <br/><br/><b>Event Name</b>:&#xA0;Semester examinations - Fall 2018 <br/><b>Organization</b>:&#xA0;Division of Academic Affairs (VPAA) <br/><b>Organizer</b>:&#xA0;<a href="mailto:eestrada@fullerton.edu" target="_blank">eestrada@fullerton.edu</a> <br/><br/>
    </content>
    <link rel="alternate" type="text/html" href="http://25livepub.collegenet.com/calendars/csuf-academic-calendar?eventid=299444584"/>
    <author>
      <name>Academic Calendar</name>
    </author>
  </entry>
  <entry>
    <id>http://uid.trumba.com/event/299444585</id>
    <published>2018-12-20T08:00:00Z</published>
    <updated>2018-12-20T08:00:00Z</updated>
    <category scheme="http://schemas.google.com/g/2005#kind" term="http://schemas.google.com/g/2005#event"/>
    <title type="text">Semester examinations - Fall 2018</title>
    <content type="html">
      Thursday, December 20, 2018, 12am&#xA0;&#x2014;&#xA0;11:59pm <br/><br/><p>
        <strong>Website or Registration URL:</strong>
        <br />
        <a href="http://fullerton.edu/academiccalendar" target="_blank">http://fullerton.edu/academiccalendar</a>
      </p> <br/><br/><b>Event Name</b>:&#xA0;Semester examinations - Fall 2018 <br/><b>Organization</b>:&#xA0;Division of Academic Affairs (VPAA) <br/><b>Organizer</b>:&#xA0;<a href="mailto:eestrada@fullerton.edu" target="_blank">eestrada@fullerton.edu</a> <br/><br/>
    </content>
    <link rel="alternate" type="text/html" href="http://25livepub.collegenet.com/calendars/csuf-academic-calendar?eventid=299444585"/>
    <author>
      <name>Academic Calendar</name>
    </author>
  </entry>
  <entry>
    <id>http://uid.trumba.com/event/299444586</id>
    <published>2018-12-21T08:00:00Z</published>
    <updated>2018-12-21T08:00:00Z</updated>
    <category scheme="http://schemas.google.com/g/2005#kind" term="http://schemas.google.com/g/2005#event"/>
    <title type="text">Semester examinations - Fall 2018</title>
    <content type="html">
      Friday, December 21, 2018, 12am&#xA0;&#x2014;&#xA0;11:59pm <br/><br/><p>
        <strong>Website or Registration URL:</strong>
        <br />
        <a href="http://fullerton.edu/academiccalendar" target="_blank">http://fullerton.edu/academiccalendar</a>
      </p> <br/><br/><b>Event Name</b>:&#xA0;Semester examinations - Fall 2018 <br/><b>Organization</b>:&#xA0;Division of Academic Affairs (VPAA) <br/><b>Organizer</b>:&#xA0;<a href="mailto:eestrada@fullerton.edu" target="_blank">eestrada@fullerton.edu</a> <br/><br/>
    </content>
    <link rel="alternate" type="text/html" href="http://25livepub.collegenet.com/calendars/csuf-academic-calendar?eventid=299444586"/>
    <author>
      <name>Academic Calendar</name>
    </author>
  </entry>
  <entry>
    <id>http://uid.trumba.com/event/299444587</id>
    <published>2018-12-22T08:00:00Z</published>
    <updated>2018-12-22T08:00:00Z</updated>
    <category scheme="http://schemas.google.com/g/2005#kind" term="http://schemas.google.com/g/2005#event"/>
    <title type="text">First day of online Winter Session 2019 classes</title>
    <content type="html">
      Saturday, December 22, 2018, 12am&#xA0;&#x2014;&#xA0;11:59pm <br/><br/><p>
        <strong>Website or Registration URL:</strong>
        <br />
        <a href="http://fullerton.edu/academiccalendar" target="_blank">http://fullerton.edu/academiccalendar</a>
      </p> <br/><br/><b>Event Name</b>:&#xA0;First day of online Winter Session 2019 <br/><b>Organization</b>:&#xA0;Division of Academic Affairs (VPAA) <br/><b>Organizer</b>:&#xA0;<a href="mailto:eestrada@fullerton.edu" target="_blank">eestrada@fullerton.edu</a> <br/><b>Categories</b>:&#xA0;Featured Event, Non-academic Event <br/><br/>
    </content>
    <link rel="alternate" type="text/html" href="http://25livepub.collegenet.com/calendars/csuf-academic-calendar?eventid=299444587"/>
    <author>
      <name>Academic Calendar</name>
    </author>
  </entry>
  <entry>
    <id>http://uid.trumba.com/event/299444588</id>
    <published>2018-12-25T08:00:00Z</published>
    <updated>2018-12-25T08:00:00Z</updated>
    <category scheme="http://schemas.google.com/g/2005#kind" term="http://schemas.google.com/g/2005#event"/>
    <title type="text">Winter Recess - CAMPUS CLOSED</title>
    <content type="html">
      Tuesday, December 25, 2018, 12am&#xA0;&#x2014;&#xA0;11:59pm <br/><br/><p>
        <strong>
          Website or Registration URL:<br />
        </strong>
        <a href="http://fullerton.edu/academiccalendar" target="_blank">http://fullerton.edu/academiccalendar</a>
      </p> <br/><br/><b>Event Name</b>:&#xA0;Winter Recess - CAMPUS CLOSED <br/><b>Organization</b>:&#xA0;Division of Academic Affairs (VPAA) <br/><b>Organizer</b>:&#xA0;<a href="mailto:eestrada@fullerton.edu" target="_blank">eestrada@fullerton.edu</a> <br/><b>Categories</b>:&#xA0;Featured Event, Non-academic Event <br/><br/>
    </content>
    <link rel="alternate" type="text/html" href="http://25livepub.collegenet.com/calendars/csuf-academic-calendar?eventid=299444588"/>
    <author>
      <name>Academic Calendar</name>
    </author>
  </entry>
  <entry>
    <id>http://uid.trumba.com/event/299444589</id>
    <published>2018-12-26T08:00:00Z</published>
    <updated>2018-12-26T08:00:00Z</updated>
    <category scheme="http://schemas.google.com/g/2005#kind" term="http://schemas.google.com/g/2005#event"/>
    <title type="text">Winter Recess - CAMPUS CLOSED</title>
    <content type="html">
      Wednesday, December 26, 2018, 12am&#xA0;&#x2014;&#xA0;11:59pm <br/><br/><p>
        <strong>
          Website or Registration URL:<br />
        </strong>
        <a href="http://fullerton.edu/academiccalendar" target="_blank">http://fullerton.edu/academiccalendar</a>
      </p> <br/><br/><b>Event Name</b>:&#xA0;Winter Recess - CAMPUS CLOSED <br/><b>Organization</b>:&#xA0;Division of Academic Affairs (VPAA) <br/><b>Organizer</b>:&#xA0;<a href="mailto:eestrada@fullerton.edu" target="_blank">eestrada@fullerton.edu</a> <br/><b>Categories</b>:&#xA0;Featured Event, Non-academic Event <br/><br/>
    </content>
    <link rel="alternate" type="text/html" href="http://25livepub.collegenet.com/calendars/csuf-academic-calendar?eventid=299444589"/>
    <author>
      <name>Academic Calendar</name>
    </author>
  </entry>
  <entry>
    <id>http://uid.trumba.com/event/299444590</id>
    <published>2018-12-27T08:00:00Z</published>
    <updated>2018-12-27T08:00:00Z</updated>
    <category scheme="http://schemas.google.com/g/2005#kind" term="http://schemas.google.com/g/2005#event"/>
    <title type="text">Winter Recess - CAMPUS CLOSED</title>
    <content type="html">
      Thursday, December 27, 2018, 12am&#xA0;&#x2014;&#xA0;11:59pm <br/><br/><p>
        <strong>
          Website or Registration URL:<br />
        </strong>
        <a href="http://fullerton.edu/academiccalendar" target="_blank">http://fullerton.edu/academiccalendar</a>
      </p> <br/><br/><b>Event Name</b>:&#xA0;Winter Recess - CAMPUS CLOSED <br/><b>Organization</b>:&#xA0;Division of Academic Affairs (VPAA) <br/><b>Organizer</b>:&#xA0;<a href="mailto:eestrada@fullerton.edu" target="_blank">eestrada@fullerton.edu</a> <br/><b>Categories</b>:&#xA0;Featured Event, Non-academic Event <br/><br/>
    </content>
    <link rel="alternate" type="text/html" href="http://25livepub.collegenet.com/calendars/csuf-academic-calendar?eventid=299444590"/>
    <author>
      <name>Academic Calendar</name>
    </author>
  </entry>
  <entry>
    <id>http://uid.trumba.com/event/299444591</id>
    <published>2018-12-28T08:00:00Z</published>
    <updated>2018-12-28T08:00:00Z</updated>
    <category scheme="http://schemas.google.com/g/2005#kind" term="http://schemas.google.com/g/2005#event"/>
    <title type="text">Winter Recess - CAMPUS CLOSED</title>
    <content type="html">
      Friday, December 28, 2018, 12am&#xA0;&#x2014;&#xA0;11:59pm <br/><br/><p>
        <strong>
          Website or Registration URL:<br />
        </strong>
        <a href="http://fullerton.edu/academiccalendar" target="_blank">http://fullerton.edu/academiccalendar</a>
      </p> <br/><br/><b>Event Name</b>:&#xA0;Winter Recess - CAMPUS CLOSED <br/><b>Organization</b>:&#xA0;Division of Academic Affairs (VPAA) <br/><b>Organizer</b>:&#xA0;<a href="mailto:eestrada@fullerton.edu" target="_blank">eestrada@fullerton.edu</a> <br/><b>Categories</b>:&#xA0;Featured Event, Non-academic Event <br/><br/>
    </content>
    <link rel="alternate" type="text/html" href="http://25livepub.collegenet.com/calendars/csuf-academic-calendar?eventid=299444591"/>
    <author>
      <name>Academic Calendar</name>
    </author>
  </entry>
  <entry>
    <id>http://uid.trumba.com/event/299444592</id>
    <published>2018-12-29T08:00:00Z</published>
    <updated>2018-12-29T08:00:00Z</updated>
    <category scheme="http://schemas.google.com/g/2005#kind" term="http://schemas.google.com/g/2005#event"/>
    <title type="text">Winter Recess - CAMPUS CLOSED</title>
    <content type="html">
      Saturday, December 29, 2018, 12am&#xA0;&#x2014;&#xA0;11:59pm <br/><br/><p>
        <strong>
          Website or Registration URL:<br />
        </strong>
        <a href="http://fullerton.edu/academiccalendar" target="_blank">http://fullerton.edu/academiccalendar</a>
      </p> <br/><br/><b>Event Name</b>:&#xA0;Winter Recess - CAMPUS CLOSED <br/><b>Organization</b>:&#xA0;Division of Academic Affairs (VPAA) <br/><b>Organizer</b>:&#xA0;<a href="mailto:eestrada@fullerton.edu" target="_blank">eestrada@fullerton.edu</a> <br/><b>Categories</b>:&#xA0;Featured Event, Non-academic Event <br/><br/>
    </content>
    <link rel="alternate" type="text/html" href="http://25livepub.collegenet.com/calendars/csuf-academic-calendar?eventid=299444592"/>
    <author>
      <name>Academic Calendar</name>
    </author>
  </entry>
  <entry>
    <id>http://uid.trumba.com/event/299444593</id>
    <published>2018-12-30T08:00:00Z</published>
    <updated>2018-12-30T08:00:00Z</updated>
    <category scheme="http://schemas.google.com/g/2005#kind" term="http://schemas.google.com/g/2005#event"/>
    <title type="text">Winter Recess - CAMPUS CLOSED</title>
    <content type="html">
      Sunday, December 30, 2018, 12am&#xA0;&#x2014;&#xA0;11:59pm <br/><br/><p>
        <strong>
          Website or Registration URL:<br />
        </strong>
        <a href="http://fullerton.edu/academiccalendar" target="_blank">http://fullerton.edu/academiccalendar</a>
      </p> <br/><br/><b>Event Name</b>:&#xA0;Winter Recess - CAMPUS CLOSED <br/><b>Organization</b>:&#xA0;Division of Academic Affairs (VPAA) <br/><b>Organizer</b>:&#xA0;<a href="mailto:eestrada@fullerton.edu" target="_blank">eestrada@fullerton.edu</a> <br/><b>Categories</b>:&#xA0;Featured Event, Non-academic Event <br/><br/>
    </content>
    <link rel="alternate" type="text/html" href="http://25livepub.collegenet.com/calendars/csuf-academic-calendar?eventid=299444593"/>
    <author>
      <name>Academic Calendar</name>
    </author>
  </entry>
  <entry>
    <id>http://uid.trumba.com/event/299444594</id>
    <published>2018-12-31T08:00:00Z</published>
    <updated>2018-12-31T08:00:00Z</updated>
    <category scheme="http://schemas.google.com/g/2005#kind" term="http://schemas.google.com/g/2005#event"/>
    <title type="text">Winter Recess - CAMPUS CLOSED</title>
    <content type="html">
      Monday, December 31, 2018, 12am&#xA0;&#x2014;&#xA0;11:59pm <br/><br/><p>
        <strong>
          Website or Registration URL:<br />
        </strong>
        <a href="http://fullerton.edu/academiccalendar" target="_blank">http://fullerton.edu/academiccalendar</a>
      </p> <br/><br/><b>Event Name</b>:&#xA0;Winter Recess - CAMPUS CLOSED <br/><b>Organization</b>:&#xA0;Division of Academic Affairs (VPAA) <br/><b>Organizer</b>:&#xA0;<a href="mailto:eestrada@fullerton.edu" target="_blank">eestrada@fullerton.edu</a> <br/><b>Categories</b>:&#xA0;Featured Event, Non-academic Event <br/><br/>
    </content>
    <link rel="alternate" type="text/html" href="http://25livepub.collegenet.com/calendars/csuf-academic-calendar?eventid=299444594"/>
    <author>
      <name>Academic Calendar</name>
    </author>
  </entry>
  <entry>
    <id>http://uid.trumba.com/event/299444596</id>
    <published>2019-01-01T08:00:00Z</published>
    <updated>2019-01-01T08:00:00Z</updated>
    <category scheme="http://schemas.google.com/g/2005#kind" term="http://schemas.google.com/g/2005#event"/>
    <title type="text">New Year's Holiday - CAMPUS CLOSED</title>
    <content type="html">
      Tuesday, January 1, 2019, 12am&#xA0;&#x2014;&#xA0;11:59pm <br/><br/><p>
        <strong>
          Website or Registration URL:<br />
        </strong>
        <a href="http://fullerton.edu/academiccalendar" target="_blank">http://fullerton.edu/academiccalendar</a>
      </p> <br/><br/><b>Event Name</b>:&#xA0;New Year&#39;s Holiday - CAMPUS CLOSED <br/><b>Organization</b>:&#xA0;Division of Academic Affairs (VPAA) <br/><b>Organizer</b>:&#xA0;<a href="mailto:eestrada@fullerton.edu" target="_blank">eestrada@fullerton.edu</a> <br/><b>Categories</b>:&#xA0;Featured Event, Non-academic Event <br/><br/>
    </content>
    <link rel="alternate" type="text/html" href="http://25livepub.collegenet.com/calendars/csuf-academic-calendar?eventid=299444596"/>
    <author>
      <name>Academic Calendar</name>
    </author>
  </entry>
  <entry>
    <id>http://uid.trumba.com/event/299444595</id>
    <published>2019-01-01T08:00:00Z</published>
    <updated>2019-01-01T08:00:00Z</updated>
    <category scheme="http://schemas.google.com/g/2005#kind" term="http://schemas.google.com/g/2005#event"/>
    <title type="text">Winter Recess - CAMPUS CLOSED</title>
    <content type="html">
      Tuesday, January 1, 2019, 12am&#xA0;&#x2014;&#xA0;11:59pm <br/><br/><p>
        <strong>
          Website or Registration URL:<br />
        </strong>
        <a href="http://fullerton.edu/academiccalendar" target="_blank">http://fullerton.edu/academiccalendar</a>
      </p> <br/><br/><b>Event Name</b>:&#xA0;Winter Recess - CAMPUS CLOSED <br/><b>Organization</b>:&#xA0;Division of Academic Affairs (VPAA) <br/><b>Organizer</b>:&#xA0;<a href="mailto:eestrada@fullerton.edu" target="_blank">eestrada@fullerton.edu</a> <br/><b>Categories</b>:&#xA0;Featured Event, Non-academic Event <br/><br/>
    </content>
    <link rel="alternate" type="text/html" href="http://25livepub.collegenet.com/calendars/csuf-academic-calendar?eventid=299444595"/>
    <author>
      <name>Academic Calendar</name>
    </author>
  </entry>
  <entry>
    <id>http://uid.trumba.com/event/299444597</id>
    <published>2019-01-02T08:00:00Z</published>
    <updated>2019-01-02T08:00:00Z</updated>
    <category scheme="http://schemas.google.com/g/2005#kind" term="http://schemas.google.com/g/2005#event"/>
    <title type="text">Fall 2018 Semester ends; Grades due</title>
    <content type="html">
      Wednesday, January 2, 2019, 12am&#xA0;&#x2014;&#xA0;11:59pm <br/><br/><p>
        <strong>Website or Registration URL:</strong>
        <br />
        <a href="http://fullerton.edu/academiccalendar" target="_blank">http://fullerton.edu/academiccalendar</a>
      </p> <br/><br/><b>Event Name</b>:&#xA0;Fall 2018 Semester ends; Grades due <br/><b>Organization</b>:&#xA0;Division of Academic Affairs (VPAA) <br/><b>Organizer</b>:&#xA0;<a href="mailto:eestrada@fullerton.edu" target="_blank">eestrada@fullerton.edu</a> <br/><br/>
    </content>
    <link rel="alternate" type="text/html" href="http://25livepub.collegenet.com/calendars/csuf-academic-calendar?eventid=299444597"/>
    <author>
      <name>Academic Calendar</name>
    </author>
  </entry>
  <entry>
    <id>http://uid.trumba.com/event/299444598</id>
    <published>2019-01-02T08:00:00Z</published>
    <updated>2019-01-02T08:00:00Z</updated>
    <category scheme="http://schemas.google.com/g/2005#kind" term="http://schemas.google.com/g/2005#event"/>
    <title type="text">
      First day of on-campus in-person Winter Session 2019 classes
    </title>
    <content type="html">
      Wednesday, January 2, 2019, 12am&#xA0;&#x2014;&#xA0;11:59pm <br/><br/><p>
        <strong>Website or Registration URL:</strong>
        <br />
        <a href="http://fullerton.edu/academiccalendar" target="_blank">http://fullerton.edu/academiccalendar</a>
      </p> <br/><br/><b>Event Name</b>:&#xA0;First day of on-campus in-person Winter <br/><b>Organization</b>:&#xA0;Division of Academic Affairs (VPAA) <br/><b>Organizer</b>:&#xA0;<a href="mailto:eestrada@fullerton.edu" target="_blank">eestrada@fullerton.edu</a> <br/><b>Categories</b>:&#xA0;Featured Event, Non-academic Event <br/><br/>
    </content>
    <link rel="alternate" type="text/html" href="http://25livepub.collegenet.com/calendars/csuf-academic-calendar?eventid=299444598"/>
    <author>
      <name>Academic Calendar</name>
    </author>
  </entry>
  <entry>
    <id>http://uid.trumba.com/event/299497672</id>
    <published>2019-01-17T08:00:00Z</published>
    <updated>2019-01-17T08:00:00Z</updated>
    <category scheme="http://schemas.google.com/g/2005#kind" term="http://schemas.google.com/g/2005#event"/>
    <title type="text">Semester begins</title>
    <content type="html">
      Thursday, January 17, 2019, 12am&#xA0;&#x2014;&#xA0;11:59pm <br/><br/><p>
        <strong>
          Website or Registration URL:<br />
        </strong>
        <a href="http://fullerton.edu/academiccalendar" target="_blank">http://fullerton.edu/academiccalendar</a>
      </p> <br/><br/><b>Event Name</b>:&#xA0;Semester begins - Spring 2019 <br/><b>Organization</b>:&#xA0;Division of Academic Affairs (VPAA) <br/><b>Organizer</b>:&#xA0;<a href="mailto:eestrada@fullerton.edu" target="_blank">eestrada@fullerton.edu</a> <br/><b>Categories</b>:&#xA0;Featured Event, Non-academic Event <br/><br/>
    </content>
    <link rel="alternate" type="text/html" href="http://25livepub.collegenet.com/calendars/csuf-academic-calendar?eventid=299497672"/>
    <author>
      <name>Academic Calendar</name>
    </author>
  </entry>
  <entry>
    <id>http://uid.trumba.com/event/299734861</id>
    <published>2019-01-19T08:00:00Z</published>
    <updated>2019-01-19T08:00:00Z</updated>
    <category scheme="http://schemas.google.com/g/2005#kind" term="http://schemas.google.com/g/2005#event"/>
    <title type="text">First day of classes - Spring 2019</title>
    <content type="html">
      Saturday, January 19, 2019, 12am&#xA0;&#x2014;&#xA0;11:59pm <br/><br/><p>
        <span style="font-family: 'courier new', courier;">
          <strong>Classes that meet on Saturdays and/or Sundays will meet on the following date:</strong>
        </span>
      </p> <p>
        <span style="font-family: 'courier new', courier;">
          &#160; &#160; &#160; &#160; &#160; &#160; &#160; &#160; &#160; <strong>Saturdays&#160;</strong>&#160; &#160; &#160; &#160;&#160;<strong>Sundays</strong>
        </span>
        <br />
        <span style="font-family: 'courier new', courier;">January&#160; &#160; &#160; &#160; &#160; &#160;19,26&#160; &#160; &#160; &#160; &#160; &#160; &#160;20,27</span>
        <br />
        <span style="font-family: 'courier new', courier;">February&#160; &#160; &#160; &#160; &#160; 2,9,16,23&#160; &#160; &#160; &#160; &#160;3,10,17,24</span>
        <br />
        <span style="font-family: 'courier new', courier;">March&#160; &#160; &#160; &#160; &#160; &#160; &#160;2,9,16,23,30&#160; &#160; &#160;&#160;3,10,17,24,31</span>
        <br />
        <span style="font-family: 'courier new', courier;">April&#160; &#160; &#160; &#160; &#160; &#160; &#160;13,20,27&#160; &#160; &#160; &#160; &#160; 14,21,28</span>
        <br />
        <span style="font-family: 'courier new', courier;">
          December&#160; &#160; &#160; &#160; &#160; 4,11**&#160; &#160; &#160; &#160; &#160; &#160; 5,12**<strong>
            <br />
          </strong>
        </span>
      </p> <p>
        <span style="font-family: 'courier new', courier;">
          <strong>
            <span style="font-family: 'courier new', courier;">Notes:</span>
          </strong>
          <strong>
            <br />
          </strong>
        </span>
      </p> <p>
        <span style="font-family: 'courier new', courier;">* This calendar is subject to change and is not intended to be construed as an employee work calendar.</span>
        <br />
        <span style="font-family: 'courier new', courier;">** Possible Final Examination </span>
      </p> <p>
        <strong>Website or URL:</strong>
        <br />
        <a href="http://fullerton.edu/academiccalendar" target="_blank">http://fullerton.edu/academiccalendar</a>
      </p> <br/><br/><b>Event Name</b>:&#xA0;First day of classes - Spring 2019 <br/><b>Organization</b>:&#xA0;Division of Academic Affairs (VPAA) <br/><b>Organizer</b>:&#xA0;<a href="mailto:eestrada@fullerton.edu" target="_blank">eestrada@fullerton.edu</a> <br/><b>Categories</b>:&#xA0;Featured Event, Non-academic Event <br/><br/>
    </content>
    <link rel="alternate" type="text/html" href="http://25livepub.collegenet.com/calendars/csuf-academic-calendar?eventid=299734861"/>
    <author>
      <name>Academic Calendar</name>
    </author>
  </entry>
  <entry>
    <id>http://uid.trumba.com/event/299486676</id>
    <published>2019-01-21T08:00:00Z</published>
    <updated>2019-01-21T08:00:00Z</updated>
    <category scheme="http://schemas.google.com/g/2005#kind" term="http://schemas.google.com/g/2005#event"/>
    <title type="text">Martin Luther King, Jr. Day - CAMPUS CLOSED</title>
    <content type="html">
      Monday, January 21, 2019, 12am&#xA0;&#x2014;&#xA0;11:59pm <br/><br/><p>
        <strong>
          Website or Registration URL:<br />
        </strong>
        <a href="http://fullerton.edu/academiccalendar" target="_blank">http://fullerton.edu/academiccalendar</a>
      </p> <br/><br/><b>Event Name</b>:&#xA0;Martin Luther King, Jr. - CAMPUS CLOSED <br/><b>Organization</b>:&#xA0;Division of Academic Affairs (VPAA) <br/><b>Organizer</b>:&#xA0;<a href="mailto:eestrada@fullerton.edu" target="_blank">eestrada@fullerton.edu</a> <br/><b>Categories</b>:&#xA0;Featured Event, Non-academic Event <br/><br/>
    </content>
    <link rel="alternate" type="text/html" href="http://25livepub.collegenet.com/calendars/csuf-academic-calendar?eventid=299486676"/>
    <author>
      <name>Academic Calendar</name>
    </author>
  </entry>
  <entry>
    <id>http://uid.trumba.com/event/299486677</id>
    <published>2019-02-15T08:00:00Z</published>
    <updated>2019-02-15T08:00:00Z</updated>
    <category scheme="http://schemas.google.com/g/2005#kind" term="http://schemas.google.com/g/2005#event"/>
    <title type="text">Presidents' Day - CAMPUS CLOSED</title>
    <content type="html">
      Friday, February 15, 2019, 12am&#xA0;&#x2014;&#xA0;11:59pm <br/><br/><p>
        <strong>
          Website or Registration URL:<br />
        </strong>
        <a href="http://fullerton.edu/academiccalendar" target="_blank">http://fullerton.edu/academiccalendar</a>
      </p> <br/><br/><b>Event Name</b>:&#xA0;Presidents&#39; Day - CAMPUS CLOSED <br/><b>Organization</b>:&#xA0;Division of Academic Affairs (VPAA) <br/><b>Organizer</b>:&#xA0;<a href="mailto:eestrada@fullerton.edu" target="_blank">eestrada@fullerton.edu</a> <br/><b>Categories</b>:&#xA0;Featured Event, Non-academic Event <br/><br/>
    </content>
    <link rel="alternate" type="text/html" href="http://25livepub.collegenet.com/calendars/csuf-academic-calendar?eventid=299486677"/>
    <author>
      <name>Academic Calendar</name>
    </author>
  </entry>
  <entry>
    <id>http://uid.trumba.com/event/300683663</id>
    <published>2019-04-01T07:00:00Z</published>
    <updated>2019-04-01T07:00:00Z</updated>
    <category scheme="http://schemas.google.com/g/2005#kind" term="http://schemas.google.com/g/2005#event"/>
    <title type="text">Cesar Chavez Day - CAMPUS CLOSED</title>
    <content type="html">
      Monday, April 1, 2019, 12am&#xA0;&#x2014;&#xA0;11:59pm <br/><br/><p>
        <strong>
          Website or Registration URL:<br />
        </strong>
        <a href="http://fullerton.edu/academiccalendar" target="_blank">http://fullerton.edu/academiccalendar</a>
      </p> <br/><br/><b>Event Name</b>:&#xA0;Cesar Chavez Day - CAMPUS CLOSED <br/><b>Organization</b>:&#xA0;Division of Academic Affairs (VPAA) <br/><b>Organizer</b>:&#xA0;<a href="mailto:eestrada@fullerton.edu" target="_blank">eestrada@fullerton.edu</a> <br/><b>Categories</b>:&#xA0;Featured Event, Non-academic Event <br/><br/>
    </content>
    <link rel="alternate" type="text/html" href="http://25livepub.collegenet.com/calendars/csuf-academic-calendar?eventid=300683663"/>
    <author>
      <name>Academic Calendar</name>
    </author>
  </entry>
  <entry>
    <id>http://uid.trumba.com/event/300683664</id>
    <published>2019-04-01T07:00:00Z</published>
    <updated>2019-04-01T07:00:00Z</updated>
    <category scheme="http://schemas.google.com/g/2005#kind" term="http://schemas.google.com/g/2005#event"/>
    <title type="text">Spring Recess - NO CLASSES</title>
    <content type="html">
      Monday, April 1, 2019, 12am&#xA0;&#x2014;&#xA0;11:59pm <br/><br/><p>
        <strong>
          CAMPUS OPEN&#160;EXCEPT on Monday, April 1, Cesar Chavez Day Observance<br /><br />
        </strong>
        <strong>
          Website or Registration URL:<br />
        </strong>
        <a href="http://fullerton.edu/academiccalendar" target="_blank">http://fullerton.edu/academiccalendar</a>
      </p> <br/><br/><b>Event Name</b>:&#xA0;Spring Recess - NO CLASSES <br/><b>Organization</b>:&#xA0;Division of Academic Affairs (VPAA) <br/><b>Organizer</b>:&#xA0;<a href="mailto:eestrada@fullerton.edu" target="_blank">eestrada@fullerton.edu</a> <br/><b>Categories</b>:&#xA0;Featured Event, Non-academic Event <br/><br/>
    </content>
    <link rel="alternate" type="text/html" href="http://25livepub.collegenet.com/calendars/csuf-academic-calendar?eventid=300683664"/>
    <author>
      <name>Academic Calendar</name>
    </author>
  </entry>
  <entry>
    <id>http://uid.trumba.com/event/300683665</id>
    <published>2019-04-02T07:00:00Z</published>
    <updated>2019-04-02T07:00:00Z</updated>
    <category scheme="http://schemas.google.com/g/2005#kind" term="http://schemas.google.com/g/2005#event"/>
    <title type="text">Spring Recess - NO CLASSES</title>
    <content type="html">
      Tuesday, April 2, 2019, 12am&#xA0;&#x2014;&#xA0;11:59pm <br/><br/><p>
        <strong>
          CAMPUS OPEN&#160;EXCEPT on Monday, April 1, Cesar Chavez Day Observance<br /><br />
        </strong>
        <strong>
          Website or Registration URL:<br />
        </strong>
        <a href="http://fullerton.edu/academiccalendar" target="_blank">http://fullerton.edu/academiccalendar</a>
      </p> <br/><br/><b>Event Name</b>:&#xA0;Spring Recess - NO CLASSES <br/><b>Organization</b>:&#xA0;Division of Academic Affairs (VPAA) <br/><b>Organizer</b>:&#xA0;<a href="mailto:eestrada@fullerton.edu" target="_blank">eestrada@fullerton.edu</a> <br/><b>Categories</b>:&#xA0;Featured Event, Non-academic Event <br/><br/>
    </content>
    <link rel="alternate" type="text/html" href="http://25livepub.collegenet.com/calendars/csuf-academic-calendar?eventid=300683665"/>
    <author>
      <name>Academic Calendar</name>
    </author>
  </entry>
  <entry>
    <id>http://uid.trumba.com/event/300683666</id>
    <published>2019-04-03T07:00:00Z</published>
    <updated>2019-04-03T07:00:00Z</updated>
    <category scheme="http://schemas.google.com/g/2005#kind" term="http://schemas.google.com/g/2005#event"/>
    <title type="text">Spring Recess - NO CLASSES</title>
    <content type="html">
      Wednesday, April 3, 2019, 12am&#xA0;&#x2014;&#xA0;11:59pm <br/><br/><p>
        <strong>
          CAMPUS OPEN&#160;EXCEPT on Monday, April 1, Cesar Chavez Day Observance<br /><br />
        </strong>
        <strong>
          Website or Registration URL:<br />
        </strong>
        <a href="http://fullerton.edu/academiccalendar" target="_blank">http://fullerton.edu/academiccalendar</a>
      </p> <br/><br/><b>Event Name</b>:&#xA0;Spring Recess - NO CLASSES <br/><b>Organization</b>:&#xA0;Division of Academic Affairs (VPAA) <br/><b>Organizer</b>:&#xA0;<a href="mailto:eestrada@fullerton.edu" target="_blank">eestrada@fullerton.edu</a> <br/><b>Categories</b>:&#xA0;Featured Event, Non-academic Event <br/><br/>
    </content>
    <link rel="alternate" type="text/html" href="http://25livepub.collegenet.com/calendars/csuf-academic-calendar?eventid=300683666"/>
    <author>
      <name>Academic Calendar</name>
    </author>
  </entry>
  <entry>
    <id>http://uid.trumba.com/event/300683667</id>
    <published>2019-04-04T07:00:00Z</published>
    <updated>2019-04-04T07:00:00Z</updated>
    <category scheme="http://schemas.google.com/g/2005#kind" term="http://schemas.google.com/g/2005#event"/>
    <title type="text">Spring Recess - NO CLASSES</title>
    <content type="html">
      Thursday, April 4, 2019, 12am&#xA0;&#x2014;&#xA0;11:59pm <br/><br/><p>
        <strong>
          CAMPUS OPEN&#160;EXCEPT on Monday, April 1, Cesar Chavez Day Observance<br /><br />
        </strong>
        <strong>
          Website or Registration URL:<br />
        </strong>
        <a href="http://fullerton.edu/academiccalendar" target="_blank">http://fullerton.edu/academiccalendar</a>
      </p> <br/><br/><b>Event Name</b>:&#xA0;Spring Recess - NO CLASSES <br/><b>Organization</b>:&#xA0;Division of Academic Affairs (VPAA) <br/><b>Organizer</b>:&#xA0;<a href="mailto:eestrada@fullerton.edu" target="_blank">eestrada@fullerton.edu</a> <br/><b>Categories</b>:&#xA0;Featured Event, Non-academic Event <br/><br/>
    </content>
    <link rel="alternate" type="text/html" href="http://25livepub.collegenet.com/calendars/csuf-academic-calendar?eventid=300683667"/>
    <author>
      <name>Academic Calendar</name>
    </author>
  </entry>
  <entry>
    <id>http://uid.trumba.com/event/300683668</id>
    <published>2019-04-05T07:00:00Z</published>
    <updated>2019-04-05T07:00:00Z</updated>
    <category scheme="http://schemas.google.com/g/2005#kind" term="http://schemas.google.com/g/2005#event"/>
    <title type="text">Spring Recess - NO CLASSES</title>
    <content type="html">
      Friday, April 5, 2019, 12am&#xA0;&#x2014;&#xA0;11:59pm <br/><br/><p>
        <strong>
          CAMPUS OPEN&#160;EXCEPT on Monday, April 1, Cesar Chavez Day Observance<br /><br />
        </strong>
        <strong>
          Website or Registration URL:<br />
        </strong>
        <a href="http://fullerton.edu/academiccalendar" target="_blank">http://fullerton.edu/academiccalendar</a>
      </p> <br/><br/><b>Event Name</b>:&#xA0;Spring Recess - NO CLASSES <br/><b>Organization</b>:&#xA0;Division of Academic Affairs (VPAA) <br/><b>Organizer</b>:&#xA0;<a href="mailto:eestrada@fullerton.edu" target="_blank">eestrada@fullerton.edu</a> <br/><b>Categories</b>:&#xA0;Featured Event, Non-academic Event <br/><br/>
    </content>
    <link rel="alternate" type="text/html" href="http://25livepub.collegenet.com/calendars/csuf-academic-calendar?eventid=300683668"/>
    <author>
      <name>Academic Calendar</name>
    </author>
  </entry>
  <entry>
    <id>http://uid.trumba.com/event/300683669</id>
    <published>2019-04-06T07:00:00Z</published>
    <updated>2019-04-06T07:00:00Z</updated>
    <category scheme="http://schemas.google.com/g/2005#kind" term="http://schemas.google.com/g/2005#event"/>
    <title type="text">Spring Recess - NO CLASSES</title>
    <content type="html">
      Saturday, April 6, 2019, 12am&#xA0;&#x2014;&#xA0;11:59pm <br/><br/><p>
        <strong>
          CAMPUS OPEN&#160;EXCEPT on Monday, April 1, Cesar Chavez Day Observance<br /><br />
        </strong>
        <strong>
          Website or Registration URL:<br />
        </strong>
        <a href="http://fullerton.edu/academiccalendar" target="_blank">http://fullerton.edu/academiccalendar</a>
      </p> <br/><br/><b>Event Name</b>:&#xA0;Spring Recess - NO CLASSES <br/><b>Organization</b>:&#xA0;Division of Academic Affairs (VPAA) <br/><b>Organizer</b>:&#xA0;<a href="mailto:eestrada@fullerton.edu" target="_blank">eestrada@fullerton.edu</a> <br/><b>Categories</b>:&#xA0;Featured Event, Non-academic Event <br/><br/>
    </content>
    <link rel="alternate" type="text/html" href="http://25livepub.collegenet.com/calendars/csuf-academic-calendar?eventid=300683669"/>
    <author>
      <name>Academic Calendar</name>
    </author>
  </entry>
  <entry>
    <id>http://uid.trumba.com/event/300683670</id>
    <published>2019-04-07T07:00:00Z</published>
    <updated>2019-04-07T07:00:00Z</updated>
    <category scheme="http://schemas.google.com/g/2005#kind" term="http://schemas.google.com/g/2005#event"/>
    <title type="text">Spring Recess - NO CLASSES</title>
    <content type="html">
      Sunday, April 7, 2019, 12am&#xA0;&#x2014;&#xA0;11:59pm <br/><br/><p>
        <strong>
          CAMPUS OPEN&#160;EXCEPT on Monday, April 1, Cesar Chavez Day Observance<br /><br />
        </strong>
        <strong>
          Website or Registration URL:<br />
        </strong>
        <a href="http://fullerton.edu/academiccalendar" target="_blank">http://fullerton.edu/academiccalendar</a>
      </p> <br/><br/><b>Event Name</b>:&#xA0;Spring Recess - NO CLASSES <br/><b>Organization</b>:&#xA0;Division of Academic Affairs (VPAA) <br/><b>Organizer</b>:&#xA0;<a href="mailto:eestrada@fullerton.edu" target="_blank">eestrada@fullerton.edu</a> <br/><b>Categories</b>:&#xA0;Featured Event, Non-academic Event <br/><br/>
    </content>
    <link rel="alternate" type="text/html" href="http://25livepub.collegenet.com/calendars/csuf-academic-calendar?eventid=300683670"/>
    <author>
      <name>Academic Calendar</name>
    </author>
  </entry>
</feed>